temperature,growth_rate
9.961416001,0.179176687
14.87146509,0.237490839
19.81962765,0.398556921
24.64921499,0.590990294
29.72348134,0.609166797
34.76481014,0.475262585
39.98117854,0.456921364