curve.id.list,topt.list,maxgrowth.list,z.list,w.list,a.list,b.list,rsqr.list,s.list,n.list
1,9393.765800505204,17976931348621736e292,60.102158105604516,15.294182666620436,-0.01313071086780968,0.07450700973548847,0.8618208976091722,0.08470019125620344,7
