curve.id.list,topt.list,maxgrowth.list,z.list,w.list,a.list,b.list,rsqr.list,s.list,n.list
168_fecundity/body weight_n. nevadensis_116.4236111_NA,30.23083025047564,5.716798710084878,27.18571193157729,17.286330323319483,0.3913400822668829,0.09308776178347075,0.8011992690177422,1.0950552056286784,10
